"","bin","domain","phylum","class","order","family","genus","species","fastani_reference","fastani_reference_radius","fastani_taxonomy","fastani_ani","fastani_af","closest_placement_reference","closest_placement_radius","closest_placement_taxonomy","closest_placement_ani","closest_placement_af","pplacer_taxonomy","classification_method","note","other_related_references(genome_id,species_name,radius,ANI,AF)","msa_percent","translation_table","red_value","warnings"
"1","201005_10_DNA_3_bin.18","Bacteria","Deinococcota","Deinococci","Deinococcales","Trueperaceae","SLSQ01",NA,"N/A","N/A","N/A","N/A","N/A","N/A","N/A","N/A","N/A","N/A","d__Bacteria;Deinococcota;c__Deinococci;o__Deinococcales;f__Trueperaceae;g__;s__","taxonomic novelty determined using RED","N/A","N/A",88.31,11,"0.880103748","N/A"
"2","201005_10_DNA_3_bin.6","Bacteria","Proteobacteria","Alphaproteobacteria","Rhodobacterales","Rhodobacteraceae","Roseovarius",NA,"N/A","N/A","N/A","N/A","N/A","GCF_009669325.1","95","d__Bacteria;Proteobacteria;c__Alphaproteobacteria;o__Rhodobacterales;f__Rhodobacteraceae;g__Roseovarius;s__Roseovarius bejariae","85.57","0.74","d__Bacteria;Proteobacteria;c__Alphaproteobacteria;o__Rhodobacterales;f__Rhodobacteraceae;g__Roseovarius;s__","taxonomic classification defined by topology and ANI","N/A","GCF_900142665.1, s__Roseovarius pacificus, 95.0, 79.99, 0.51; GCF_011601345.1, s__Roseovarius gahaiensis, 95.0, 79.57, 0.46; GCF_900142765.1, s__Roseovarius litoreus, 95.0, 79.37, 0.5; GCF_900172255.1, s__Roseovarius halotolerans, 95.0, 79.31, 0.47; GCF_008728195.1, s__Roseovarius indicus, 95.0, 78.83, 0.45; GCF_900109855.1, s__Roseovarius tolerans, 95.0, 78.71, 0.44; GCF_009363715.1, s__Roseovarius sp009363715, 95.0, 78.65, 0.41; GCF_009363655.1, s__Roseovarius sp009363655, 95.0, 78.63, 0.4; GCF_001441615.1, s__Roseovarius atlanticus, 95.0, 78.62, 0.43; GCF_002917925.1, s__Roseovarius confluentis, 95.0, 78.54, 0.4; GCF_002072155.1, s__Roseovarius sp002072155, 95.0, 78.52, 0.4; GCF_009762325.1, s__Roseovarius sp009762325, 95.0, 78.48, 0.41; GCF_900109455.1, s__Roseovarius azorensis, 95.0, 78.42, 0.39; GCF_900142625.1, s__Roseovarius marisflavi, 95.0, 78.36, 0.42; GCF_002166865.1, s__Roseovarius sp002166865, 95.0, 78.34, 0.38; GCF_900172365.1, s__Roseovarius gaetbuli, 95.0, 78.31, 0.42; GCF_002925845.1, s__Roseovarius nitratireducens, 95.0, 78.3, 0.37; GCF_004761875.1, s__Roseovarius aestuariivivens, 95.0, 78.3, 0.34; GCF_000152625.1, s__Roseovarius nubinhibens, 95.0, 78.29, 0.38; GCF_000152845.1, s__Roseovarius sp000152845, 95.0, 78.17, 0.37; GCF_000744325.1, s__Roseovarius sp000744325, 95.0, 78.16, 0.36; GCF_000768555.3, s__Roseovarius mucosus, 95.0, 78.1, 0.39; GCF_900115165.1, s__Roseovarius lutimaris, 95.0, 78.09, 0.41; GCF_002834145.1, s__Roseovarius salinarum, 95.0, 78.08, 0.34; GCA_002842985.1, s__Roseovarius sp002842985, 95.0, 78.07, 0.35; GCA_014359765.1, s__Roseovarius sp014359765, 95.0, 78.06, 0.33; GCF_003260265.1, s__Roseovarius sp003260265, 95.0, 77.99, 0.35; GCA_002720475.1, s__Roseovarius sp002720475, 95.0, 77.91, 0.29; GCF_003072125.1, s__Roseovarius sediminicola, 95.0, 77.89, 0.32; GCF_002080415.1, s__Roseovarius mucosus_A, 95.0, 77.87, 0.37; GCA_002428225.1, s__Roseovarius sp002428225, 95.0, 77.85, 0.32; GCA_002421985.1, s__Roseovarius sp002421985, 95.0, 77.84, 0.33; GCF_003298505.1, s__Roseovarius sp003298505, 95.0, 77.81, 0.28; GCF_900172285.1, s__Roseovarius aestuarii, 95.0, 77.78, 0.31; GCF_003651245.1, s__Roseovarius spongiae, 95.0, 77.76, 0.32; GCA_002783205.1, s__Roseovarius sp002783205, 95.0, 77.75, 0.29; GCF_900172295.1, s__Roseovarius litorisediminis, 95.0, 77.7, 0.33; GCF_900156535.1, s__Roseovarius nanhaiticus, 95.0, 77.62, 0.3; GCF_003316635.1, s__Roseovarius dicentrarchi, 95.0, 77.48, 0.28; GCF_011040495.1, s__Roseovarius aestuariivivens_A, 95.0, 77.47, 0.25; GCA_007125415.1, s__Roseovarius sp007125415, 95.0, 77.41, 0.23; GCF_003122245.1, s__Roseovarius sp003122245, 95.0, 77.41, 0.25; GCF_900313005.1, s__Roseovarius sp900313005, 95.0, 77.31, 0.28; GCF_900172335.1, s__Roseovarius albus, 95.0, 77.02, 0.14; GCA_002366775.1, s__Roseovarius sp002366775, 95.0, 76.64, 0.23",69.33,11,"0.980961844","Genome not assigned to closest species as it falls outside its pre-defined ANI radius"
"3","201005_10_DNA_mat_1_bin.35","Bacteria","Verrucomicrobiota","Verrucomicrobiae","Opitutales","Verruco-01",NA,NA,"N/A","N/A","N/A","N/A","N/A","N/A","N/A","N/A","N/A","N/A","d__Bacteria;Verrucomicrobiota;c__Verrucomicrobiae;o__Opitutales;f__Verruco-01;g__;s__","taxonomic novelty determined using RED","N/A","N/A",78.96,11,"0.793399816","N/A"
"4","201005_10_DNA_mat_1_bin.41","Bacteria","Krumholzibacteriota","Krumholzibacteria",NA,NA,NA,NA,"N/A","N/A","N/A","N/A","N/A","N/A","N/A","N/A","N/A","N/A","d__Bacteria;Krumholzibacteriota;c__Krumholzibacteria;o__;f__;g__;s__","taxonomic novelty determined using RED","N/A","N/A",70.54,11,"0.549372586","N/A"
"5","201005_10_DNA_mat_1_bin.63","Bacteria","Verrucomicrobiota","Kiritimatiellae","SLOV01","SLOV01",NA,NA,"N/A","N/A","N/A","N/A","N/A","N/A","N/A","N/A","N/A","N/A","d__Bacteria;Verrucomicrobiota;c__Kiritimatiellae;o__;f__;g__;s__","taxonomic novelty determined using RED","N/A","N/A",90.51,11,"0.712529044","N/A"
"6","201005_10_DNA_sed_1_bin.16","Bacteria","Proteobacteria","Alphaproteobacteria","DSM-16000","Inquilinaceae","JAAAOG01",NA,"N/A","N/A","N/A","N/A","N/A","GCA_009909005.1","95","d__Bacteria;Proteobacteria;c__Alphaproteobacteria;o__DSM-16000;f__Inquilinaceae;g__JAAAOG01;s__JAAAOG01 sp009909005","77.79","0.22","d__Bacteria;Proteobacteria;c__Alphaproteobacteria;o__DSM-16000;f__Inquilinaceae;g__;s__","taxonomic classification defined by topology and ANI","N/A","N/A",52.23,11,"0.851248074","N/A"
"7","201005_11_DNA_2_bin.2","Bacteria","Bacteroidota","Rhodothermia","Balneolales","Balneolaceae","UBA8296",NA,"N/A","N/A","N/A","N/A","N/A","GCA_002338335.1","95","d__Bacteria;Bacteroidota;c__Rhodothermia;o__Balneolales;f__Balneolaceae;g__UBA8296;s__UBA8296 sp002338335","83.14","0.75","d__Bacteria;Bacteroidota;c__Rhodothermia;o__Balneolales;f__Balneolaceae;g__;s__","taxonomic classification defined by topology and ANI","N/A","N/A",90.65,11,"0.98692961","Genome not assigned to closest species as it falls outside its pre-defined ANI radius"
"8","201005_11_DNA_2_bin.20","Bacteria","Actinobacteriota","Actinomycetia","Actinomycetales","Microbacteriaceae",NA,NA,"N/A","N/A","N/A","N/A","N/A","N/A","N/A","N/A","N/A","N/A","d__Bacteria;Actinobacteriota;c__Actinomycetia;o__Actinomycetales;f__Microbacteriaceae;g__;s__","taxonomic novelty determined using RED","N/A","N/A",87.53,11,"0.909632313","N/A"
"9","201005_11_DNA_2_bin.76","Bacteria","Bacteroidota","Bacteroidia","Flavobacteriales","Schleiferiaceae",NA,NA,"N/A","N/A","N/A","N/A","N/A","N/A","N/A","N/A","N/A","N/A","d__Bacteria;Bacteroidota;c__Bacteroidia;o__Flavobacteriales;f__Schleiferiaceae;g__;s__","taxonomic novelty determined using RED","N/A","N/A",95.95,11,"0.879549108","N/A"
"10","201005_11_DNA_mat_1_bin.116","Bacteria","Cyanobacteria","Cyanobacteriia","Cyanobacteriales","Geitlerinemaceae","Phormidium_A",NA,"N/A","N/A","N/A","N/A","N/A","N/A","N/A","N/A","N/A","N/A","d__Bacteria;Cyanobacteria;c__Cyanobacteriia;o__Cyanobacteriales;f__Geitlerinemaceae;g__;s__","taxonomic novelty determined using RED","N/A","N/A",91.3,11,"0.917338405","N/A"
"11","201005_11_DNA_mat_1_bin.140","Bacteria","Proteobacteria","Alphaproteobacteria","Rhodobacterales","Rhodobacteraceae",NA,NA,"N/A","N/A","N/A","N/A","N/A","N/A","N/A","N/A","N/A","N/A","d__Bacteria;Proteobacteria;c__Alphaproteobacteria;o__Rhodobacterales;f__Rhodobacteraceae;g__;s__","taxonomic novelty determined using RED","N/A","N/A",54.5,11,"0.908103865","N/A"
"12","201005_11_DNA_mat_1_bin.31","Bacteria","Proteobacteria","Gammaproteobacteria","Xanthomonadales","Wenzhouxiangellaceae","GCA-2722315",NA,"N/A","N/A","N/A","N/A","N/A","GCF_012272825.1","95","d__Bacteria;Proteobacteria;c__Gammaproteobacteria;o__Xanthomonadales;f__Wenzhouxiangellaceae;g__GCA-2722315;s__GCA-2722315 sp012272825","86.59","0.87","d__Bacteria;Proteobacteria;c__Gammaproteobacteria;o__Xanthomonadales;f__Wenzhouxiangellaceae;g__GCA-2722315;s__","taxonomic classification defined by topology and ANI","N/A","GCA_002722315.1, s__GCA-2722315 sp002722315, 95.0, 79.39, 0.44",91.7,11,"0.971862757","Genome not assigned to closest species as it falls outside its pre-defined ANI radius"
"13","201005_11_DNA_mat_1_bin.78","Bacteria","Bacteroidota","Bacteroidia","Chitinophagales","Saprospiraceae",NA,NA,"N/A","N/A","N/A","N/A","N/A","N/A","N/A","N/A","N/A","N/A","d__Bacteria;Bacteroidota;c__Bacteroidia;o__Chitinophagales;f__Saprospiraceae;g__;s__","taxonomic classification fully defined by topology","N/A","N/A",90.03,11,"0.807527205","N/A"
"14","201005_11_DNA_mat_1_bin.80","Bacteria","Verrucomicrobiota","Kiritimatiellae","SS1-B-03-39","UBA6053","UBA6053",NA,"N/A","N/A","N/A","N/A","N/A","N/A","N/A","N/A","N/A","N/A","d__Bacteria;Verrucomicrobiota;c__Kiritimatiellae;o__SS1-B-03-39;f__UBA6053;g__UBA6053;s__","taxonomic classification fully defined by topology","N/A","N/A",66.41,11,"0.935845379","N/A"
"15","201005_11_DNA_sed_1_bin.138","Bacteria","Bacteroidota","Bacteroidia","Bacteroidales","4484-276","SABY01",NA,"N/A","N/A","N/A","N/A","N/A","N/A","N/A","N/A","N/A","N/A","d__Bacteria;Bacteroidota;c__Bacteroidia;o__Bacteroidales;f__4484-276;g__;s__","taxonomic novelty determined using RED","N/A","N/A",91.46,11,"0.903145708","N/A"
"16","201005_12_DNA_2_bin.1","Archaea","Halobacteriota","Halobacteria","Halobacteriales","Haloferacaceae","Halorubrum",NA,"N/A","N/A","N/A","N/A","N/A","N/A","N/A","N/A","N/A","N/A","d__Archaea;Halobacteriota;c__Halobacteria;o__Halobacteriales;f__Haloferacaceae;g__Halorubrum;s__","ANI","N/A","GCF_003697845.1, s__Halorubrum sp003697845, 95.0, 80.28, 0.59; GCF_001542905.1, s__Halorubrum aethiopicum, 95.0, 80.19, 0.59; GCA_000496175.1, s__Halorubrum sp000496175, 95.0, 80.13, 0.56; GCF_002252985.1, s__Halorubrum halodurans, 95.0, 80.06, 0.55; GCF_003287355.1, s__Halorubrum sp003287355, 95.0, 80.05, 0.59; GCF_900113615.1, s__Halorubrum aquaticum, 95.0, 80.02, 0.6; GCF_900182635.1, s__Halorubrum cibi, 95.0, 79.74, 0.58; GCF_009742825.1, s__Halorubrum sp009742825, 95.0, 79.35, 0.38; GCF_007671685.1, s__Halorubrum salsamenti, 95.0, 79.26, 0.5; GCF_003666015.1, s__Halorubrum sp003666015, 95.0, 79.21, 0.5; GCF_002727125.1, s__Halorubrum persicum, 95.0, 79.21, 0.48; GCF_000746205.1, s__Halorubrum sp000746205, 95.0, 79.2, 0.43; GCF_000337375.1, s__Halorubrum lipolyticum, 95.0, 79.16, 0.5; GCF_003721435.2, s__Halorubrum sp003721435, 95.0, 79.15, 0.55; GCF_000336875.1, s__Halorubrum californiense, 95.0, 79.14, 0.49; GCF_009806985.1, s__Halorubrum sp009806985, 95.0, 79.11, 0.46; GCF_001280455.1, s__Halorubrum tropicale, 95.0, 79.08, 0.54; GCF_002355655.1, s__Halorubrum trapanicum, 95.0, 79.08, 0.52; GCF_002252755.1, s__Halorubrum sp002252755, 95.0, 79.08, 0.52; GCF_000739595.1, s__Halorubrum halophilum, 95.0, 79.06, 0.5; GCF_003781945.1, s__Halorubrum sp003781945, 95.0, 79.05, 0.52; GCF_000337415.1, s__Halorubrum tebenquichense, 95.2282, 79.05, 0.47; GCF_000296615.1, s__Halorubrum sp000296615, 95.0, 79.04, 0.52; GCF_007671725.1, s__Halorubrum depositum, 95.0, 79.02, 0.52; GCF_900111935.1, s__Halorubrum sodomense, 95.0, 79.01, 0.52; GCF_005435165.1, s__Halorubrum sp005435165, 95.0, 79.0, 0.5; GCF_002114285.1, s__Halorubrum ezzemoulense, 95.0, 79.0, 0.51; GCF_000022205.1, s__Halorubrum lacusprofundi, 95.0, 78.98, 0.48; GCF_900102375.1, s__Halorubrum xinjiangense, 95.0, 78.96, 0.53; GCF_003990725.2, s__Halorubrum sp003990725, 95.0, 78.96, 0.53; GCF_000336995.1, s__Halorubrum aidingense, 95.0, 78.95, 0.49; GCF_001261915.1, s__Halorubrum sp001261915, 95.0, 78.94, 0.48; GCF_002286985.1, s__Halorubrum sp002286985, 95.0, 78.93, 0.51; GCF_000337035.1, s__Halorubrum coriense, 95.0, 78.92, 0.5; GCF_000337355.1, s__Halorubrum kocurii, 95.0, 78.92, 0.53; GCF_000337335.1, s__Halorubrum distributum, 95.0, 78.9, 0.54; GCF_004114995.1, s__Halorubrum amylolyticum, 95.0, 78.86, 0.5; GCF_000337075.1, s__Halorubrum hochstenium, 95.2282, 78.85, 0.51; GCF_000337915.1, s__Halorubrum saccharovorum, 95.0, 78.68, 0.54; GCF_004114375.1, s__Halorubrum sp004114375, 95.0, 78.59, 0.48; GCA_003023405.1, s__Halorubrum sp003023405, 95.0, 78.58, 0.42; GCF_900188065.1, s__Halorubrum vacuolatum, 95.0, 78.26, 0.38; GCA_003554605.1, s__Halorubrum sp003554605, 95.0, 78.11, 0.32; GCA_001564205.1, s__Halorubrum sp001564205, 95.0, 78.04, 0.24",41.69,11,"0.957559035","N/A"
"17","201005_12_DNA_2_bin.27","Archaea","Halobacteriota","Halobacteria","Halobacteriales","Haloferacaceae",NA,NA,"N/A","N/A","N/A","N/A","N/A","N/A","N/A","N/A","N/A","N/A","d__Archaea;Halobacteriota;c__Halobacteria;o__Halobacteriales;f__Haloferacaceae;g__;s__","taxonomic classification fully defined by topology","N/A","N/A",57.28,11,"0.839770162","N/A"
"18","201005_12_DNA_2_bin.29","Archaea","Halobacteriota","Halobacteria","Halobacteriales",NA,NA,NA,"N/A","N/A","N/A","N/A","N/A","N/A","N/A","N/A","N/A","N/A","d__Archaea;Halobacteriota;c__;o__;f__;g__;s__","taxonomic novelty determined using RED","N/A","N/A",89.97,11,"0.536083748","N/A"
"19","201005_12_DNA_2_bin.3","Archaea","Halobacteriota","Halobacteria","Halobacteriales","Haloarculaceae","Natronomonas",NA,"N/A","N/A","N/A","N/A","N/A","N/A","N/A","N/A","N/A","N/A","d__Archaea;Halobacteriota;c__Halobacteria;o__Halobacteriales;f__Haloarculaceae;g__Natronomonas;s__","ANI","N/A","GCF_013839515.1, s__Natronomonas sp013839515, 95.0, 79.57, 0.53; GCF_005239135.1, s__Natronomonas salsuginis, 95.0, 79.48, 0.53; GCF_000591055.1, s__Natronomonas moolapensis, 95.0, 79.19, 0.47; GCF_013391635.1, s__Natronomonas gomsonensis, 95.0, 78.06, 0.36; GCF_013391105.1, s__Natronomonas sp013391105, 95.0, 77.91, 0.37; GCF_000026045.1, s__Natronomonas pharaonis, 95.0, 77.86, 0.32; GCF_009741925.1, s__Natronomonas sp009741925, 95.0, 77.85, 0.35; GCF_013391085.1, s__Natronomonas sp013391085, 95.0, 77.79, 0.34; GCA_007121575.1, s__Natronomonas sp007121575, 95.0, 77.67, 0.28; GCA_007122455.1, s__Natronomonas sp007122455, 95.0, 77.52, 0.27; GCA_003022945.1, s__Natronomonas sp003022945, 95.0, 77.45, 0.26; GCA_003020965.1, s__Natronomonas sp003020965, 95.0, 77.39, 0.31; GCA_003023535.1, s__Natronomonas sp003023535, 95.0, 77.29, 0.25; GCA_007135435.1, s__Natronomonas sp007135435, 95.0, 77.24, 0.21; GCA_003021005.1, s__Natronomonas sp003021005, 95.0, 77.18, 0.23; GCA_003022815.1, s__Natronomonas sp003022815, 95.0, 77.04, 0.24; GCA_003021325.1, s__Natronomonas sp003021325, 95.0, 77.03, 0.2; GCA_003022905.1, s__Natronomonas sp003022905, 95.0, 76.87, 0.21; GCA_003021745.1, s__Natronomonas sp003021745, 95.0, 76.67, 0.19",77.81,11,"0.943508163","N/A"
"20","201005_12_DNA_2_bin.35","Archaea","Halobacteriota","Halobacteria","Halobacteriales","Haloferacaceae","Haloquadratum","Haloquadratum walsbyi","GCF_000237865.1","95","d__Archaea;Halobacteriota;c__Halobacteria;o__Halobacteriales;f__Haloferacaceae;g__Haloquadratum;s__Haloquadratum walsbyi","98.86","0.99","GCF_000237865.1","95","d__Archaea;Halobacteriota;c__Halobacteria;o__Halobacteriales;f__Haloferacaceae;g__Haloquadratum;s__Haloquadratum walsbyi","98.86","0.99","d__Archaea;Halobacteriota;c__Halobacteria;o__Halobacteriales;f__Haloferacaceae;g__Haloquadratum;s__","taxonomic classification defined by topology and ANI","topological placement and ANI have congruent species assignments","GCA_000415965.1, s__Haloquadratum walsbyi_A, 95.0, 84.48, 0.88; GCA_000415985.1, s__Haloquadratum walsbyi_B, 95.0, 81.04, 0.79",58.8,11,"N/A","N/A"
"21","201005_12_DNA_2_bin.36","Archaea","Halobacteriota","Halobacteria","Halobacteriales","Haloarculaceae","Natronomonas",NA,"N/A","N/A","N/A","N/A","N/A","GCA_007121575.1","95","d__Archaea;Halobacteriota;c__Halobacteria;o__Halobacteriales;f__Haloarculaceae;g__Natronomonas;s__Natronomonas sp007121575","78.7","0.42","d__Archaea;Halobacteriota;c__Halobacteria;o__Halobacteriales;f__Haloarculaceae;g__Natronomonas;s__","taxonomic classification defined by topology and ANI","N/A","GCF_005239135.1, s__Natronomonas salsuginis, 95.0, 80.93, 0.47; GCF_000591055.1, s__Natronomonas moolapensis, 95.0, 79.47, 0.47; GCF_013839515.1, s__Natronomonas sp013839515, 95.0, 79.42, 0.45; GCF_009741925.1, s__Natronomonas sp009741925, 95.0, 78.51, 0.38; GCF_013391105.1, s__Natronomonas sp013391105, 95.0, 78.34, 0.41; GCF_013391635.1, s__Natronomonas gomsonensis, 95.0, 78.33, 0.38; GCF_000026045.1, s__Natronomonas pharaonis, 95.0, 78.24, 0.34; GCF_013391085.1, s__Natronomonas sp013391085, 95.0, 78.23, 0.37; GCA_003020965.1, s__Natronomonas sp003020965, 95.0, 77.86, 0.36; GCA_003022815.1, s__Natronomonas sp003022815, 95.0, 77.86, 0.34; GCA_007122455.1, s__Natronomonas sp007122455, 95.0, 77.71, 0.3; GCA_003023535.1, s__Natronomonas sp003023535, 95.0, 77.66, 0.35; GCA_003021325.1, s__Natronomonas sp003021325, 95.0, 77.65, 0.3; GCA_003022945.1, s__Natronomonas sp003022945, 95.0, 77.64, 0.3; GCA_007135435.1, s__Natronomonas sp007135435, 95.0, 77.58, 0.23; GCA_003022905.1, s__Natronomonas sp003022905, 95.0, 77.44, 0.32; GCA_003021745.1, s__Natronomonas sp003021745, 95.0, 77.4, 0.28; GCA_003021005.1, s__Natronomonas sp003021005, 95.0, 77.35, 0.26",80.64,11,"0.95733757","N/A"
"22","201005_12_DNA_2_bin.42","Archaea","Halobacteriota","Halobacteria","Halobacteriales","Haloferacaceae","Halobaculum",NA,"N/A","N/A","N/A","N/A","N/A","GCF_900129775.1","95","d__Archaea;Halobacteriota;c__Halobacteria;o__Halobacteriales;f__Haloferacaceae;g__Halobaculum;s__Halobaculum gomorrense","88.11","0.9","d__Archaea;Halobacteriota;c__Halobacteria;o__Halobacteriales;f__Haloferacaceae;g__Halobaculum;s__","taxonomic classification defined by topology and ANI","N/A","GCF_009831625.1, s__Halobaculum sp009831625, 95.0, 86.56, 0.88; GCA_003020945.1, s__Halobaculum sp003020945, 95.0, 83.62, 0.76; GCF_013401515.1, s__Halobaculum sp013401515, 95.0, 80.24, 0.7; GCF_013402875.1, s__Halobaculum sp013402875, 95.0, 80.22, 0.72; GCF_000495475.1, s__Halobaculum tyrrellense, 95.0, 80.22, 0.66",97.21,11,"0.982467224","Genome not assigned to closest species as it falls outside its pre-defined ANI radius"
"23","201005_12_DNA_2_bin.49","Archaea","Halobacteriota","Halobacteria","Halobacteriales","Haloferacaceae","Halobellus",NA,"N/A","N/A","N/A","N/A","N/A","GCA_014646875.1","95","d__Archaea;Halobacteriota;c__Halobacteria;o__Halobacteriales;f__Haloferacaceae;g__Halobellus;s__Halobellus salinus","84.41","0.86","d__Archaea;Halobacteriota;c__Halobacteria;o__Halobacteriales;f__Haloferacaceae;g__Halobellus;s__","taxonomic classification defined by topology and ANI","N/A","GCF_014212355.1, s__Halobellus sp014212355, 95.0, 85.18, 0.89; GCF_004799685.1, s__Halobellus limi, 95.0, 80.87, 0.71; GCF_003665935.1, s__Halobellus sp003665935, 95.0, 80.56, 0.67; GCF_000739575.1, s__Halobellus rufus, 95.0, 80.37, 0.65; GCF_003665925.1, s__Halobellus sp003665925, 95.0, 80.05, 0.64; GCF_007655485.1, s__Halobellus captivus, 95.0, 79.73, 0.59; GCF_900107195.1, s__Halobellus clavatus, 95.0, 79.66, 0.62",90.96,11,"0.98683904","Genome not assigned to closest species as it falls outside its pre-defined ANI radius"
"24","201005_12_DNA_2_bin.53","Archaea","Halobacteriota","Halobacteria","Halobacteriales","Haloarculaceae","Natronomonas","Natronomonas salsuginis","GCF_005239135.1","95","d__Archaea;Halobacteriota;c__Halobacteria;o__Halobacteriales;f__Haloarculaceae;g__Natronomonas;s__Natronomonas salsuginis","99.32","0.97","GCF_005239135.1","95","d__Archaea;Halobacteriota;c__Halobacteria;o__Halobacteriales;f__Haloarculaceae;g__Natronomonas;s__Natronomonas salsuginis","99.32","0.97","d__Archaea;Halobacteriota;c__Halobacteria;o__Halobacteriales;f__Haloarculaceae;g__Natronomonas;s__","taxonomic classification defined by topology and ANI","topological placement and ANI have congruent species assignments","GCF_000591055.1, s__Natronomonas moolapensis, 95.0, 81.09, 0.64; GCF_013839515.1, s__Natronomonas sp013839515, 95.0, 81.04, 0.64; GCF_013391105.1, s__Natronomonas sp013391105, 95.0, 79.4, 0.59; GCF_009741925.1, s__Natronomonas sp009741925, 95.0, 78.91, 0.54; GCF_013391635.1, s__Natronomonas gomsonensis, 95.0, 78.91, 0.55; GCF_013391085.1, s__Natronomonas sp013391085, 95.0, 78.62, 0.48; GCF_000026045.1, s__Natronomonas pharaonis, 95.0, 78.57, 0.45; GCA_003020965.1, s__Natronomonas sp003020965, 95.0, 78.53, 0.47; GCA_007135435.1, s__Natronomonas sp007135435, 95.0, 78.39, 0.36; GCA_007122455.1, s__Natronomonas sp007122455, 95.0, 78.37, 0.41; GCA_007121575.1, s__Natronomonas sp007121575, 95.0, 78.25, 0.32; GCA_003022815.1, s__Natronomonas sp003022815, 95.0, 78.22, 0.4; GCA_003021005.1, s__Natronomonas sp003021005, 95.0, 78.09, 0.34; GCA_003022945.1, s__Natronomonas sp003022945, 95.0, 78.08, 0.4; GCA_003023535.1, s__Natronomonas sp003023535, 95.0, 77.97, 0.41; GCA_003022905.1, s__Natronomonas sp003022905, 95.0, 77.94, 0.4; GCA_003021325.1, s__Natronomonas sp003021325, 95.0, 77.88, 0.4; GCA_003021745.1, s__Natronomonas sp003021745, 95.0, 77.85, 0.34",88.43,11,"N/A","N/A"
"25","201005_12_DNA_2_bin.26","Bacteria","Patescibacteria","Paceibacteria","UBA9983_A","UBA2163","OLB19",NA,"N/A","N/A","N/A","N/A","N/A","N/A","N/A","N/A","N/A","N/A","d__Bacteria;Patescibacteria;c__Paceibacteria;o__UBA9983_A;f__UBA2163;g__OLB19;s__","taxonomic classification fully defined by topology","N/A","N/A",66.53,11,"0.938817826","N/A"
"26","201005_12_DNA_2_bin.30","Bacteria","Bacteroidota","Rhodothermia","Rhodothermales","Salinibacteraceae","Salinibacter",NA,"N/A","N/A","N/A","N/A","N/A","N/A","N/A","N/A","N/A","N/A","d__Bacteria;Bacteroidota;c__Rhodothermia;o__Rhodothermales;f__Salinibacteraceae;g__;s__","taxonomic novelty determined using RED","N/A","N/A",88.37,11,"0.947949849","N/A"
"27","201005_12_DNA_2_bin.44","Bacteria","Bacteroidota","Bacteroidia","CAILMK01","JAAYUY01",NA,NA,"N/A","N/A","N/A","N/A","N/A","N/A","N/A","N/A","N/A","N/A","d__Bacteria;Bacteroidota;c__Bacteroidia;o__CAILMK01;f__;g__;s__","taxonomic novelty determined using RED","N/A","N/A",84.24,11,"0.739732967","N/A"
"28","201005_12_DNA_2_bin.48","Bacteria","Bacteroidota","Rhodothermia","Rhodothermales","Salinibacteraceae","Salinibacter","Salinibacter ruber","GCF_000013045.1","95","d__Bacteria;Bacteroidota;c__Rhodothermia;o__Rhodothermales;f__Salinibacteraceae;g__Salinibacter;s__Salinibacter ruber","95.83","0.95","GCF_000013045.1","95","d__Bacteria;Bacteroidota;c__Rhodothermia;o__Rhodothermales;f__Salinibacteraceae;g__Salinibacter;s__Salinibacter ruber","95.83","0.95","d__Bacteria;Bacteroidota;c__Rhodothermia;o__Rhodothermales;f__Salinibacteraceae;g__Salinibacter;s__","taxonomic classification defined by topology and ANI","topological placement and ANI have congruent species assignments","GCF_002894645.1, s__Salinibacter altiplanensis, 95.0, 85.12, 0.85; GCA_003023105.1, s__Salinibacter sp003023105, 95.0, 80.72, 0.57; GCA_003022565.1, s__Salinibacter sp003022565, 95.0, 80.6, 0.51; GCA_003022655.1, s__Salinibacter sp003022655, 95.0, 80.43, 0.62; GCA_003023125.1, s__Salinibacter sp003023125, 95.0, 79.27, 0.61",89.56,11,"N/A","N/A"
"29","201005_12_DNA_2_bin.52","Bacteria","Proteobacteria","Gammaproteobacteria","Nitrococcales","Nitrococcaceae","Spiribacter",NA,"N/A","N/A","N/A","N/A","N/A","GCF_002813635.1","95","d__Bacteria;Proteobacteria;c__Gammaproteobacteria;o__Nitrococcales;f__Nitrococcaceae;g__Spiribacter;s__Spiribacter roseus","85.32","0.91","d__Bacteria;Proteobacteria;c__Gammaproteobacteria;o__Nitrococcales;f__Nitrococcaceae;g__Spiribacter;s__","taxonomic classification defined by topology and ANI","N/A","GCF_004217415.1, s__Spiribacter vilamensis, 95.0, 81.14, 0.75; GCF_000485905.1, s__Spiribacter curvatus, 95.0, 80.53, 0.74; GCF_009676705.1, s__Spiribacter sp009676705, 95.0, 78.54, 0.46; GCF_000319575.2, s__Spiribacter salinus, 95.0, 77.97, 0.36",89.89,11,"0.981092","Genome not assigned to closest species as it falls outside its pre-defined ANI radius"
"30","201005_12_DNA_2_bin.6","Bacteria","Bacteroidota","Bacteroidia","Flavobacteriales","Flavobacteriaceae","Psychroflexus",NA,"N/A","N/A","N/A","N/A","N/A","N/A","N/A","N/A","N/A","N/A","d__Bacteria;Bacteroidota;c__Bacteroidia;o__Flavobacteriales;f__Flavobacteriaceae;g__Psychroflexus;s__","taxonomic classification fully defined by topology","N/A","N/A",66.51,11,"0.950262955","N/A"
"31","201005_12_DNA_mat_2_bin.12","Archaea","Halobacteriota","Halobacteria","Halobacteriales","Haloferacaceae","Haloquadratum",NA,"N/A","N/A","N/A","N/A","N/A","N/A","N/A","N/A","N/A","N/A","d__Archaea;Halobacteriota;c__Halobacteria;o__Halobacteriales;f__Haloferacaceae;g__;s__","taxonomic novelty determined using RED","N/A","N/A",74.14,11,"0.93508279","N/A"
"32","201005_12_DNA_mat_2_bin.13","Archaea","Halobacteriota","Halobacteria","Halobacteriales","Haloarculaceae",NA,NA,"N/A","N/A","N/A","N/A","N/A","N/A","N/A","N/A","N/A","N/A","d__Archaea;Halobacteriota;c__Halobacteria;o__Halobacteriales;f__Haloarculaceae;g__;s__","taxonomic novelty determined using RED","N/A","N/A",76.37,11,"0.880071576","Genome has more than 11.5% of markers with multiple hits"
"33","201005_12_DNA_mat_2_bin.50","Archaea","Halobacteriota","Halobacteria","Halobacteriales","Haloferacaceae","Haloquadratum",NA,"N/A","N/A","N/A","N/A","N/A","N/A","N/A","N/A","N/A","N/A","d__Archaea;Halobacteriota;c__Halobacteria;o__Halobacteriales;f__Haloferacaceae;g__;s__","taxonomic novelty determined using RED","N/A","N/A",60.09,11,"0.934801963","N/A"
"34","201005_12_DNA_mat_2_bin.7","Archaea","Halobacteriota","Halobacteria","Halobacteriales","Haloferacaceae","Halorubrum",NA,"N/A","N/A","N/A","N/A","N/A","GCF_003721435.2","95","d__Archaea;Halobacteriota;c__Halobacteria;o__Halobacteriales;f__Haloferacaceae;g__Halorubrum;s__Halorubrum sp003721435","87.38","0.82","d__Archaea;Halobacteriota;c__Halobacteria;o__Halobacteriales;f__Haloferacaceae;g__Halorubrum;s__","taxonomic classification defined by topology and ANI","N/A","GCF_007671725.1, s__Halorubrum depositum, 95.0, 87.43, 0.81; GCF_002252755.1, s__Halorubrum sp002252755, 95.0, 86.92, 0.81; GCF_001261915.1, s__Halorubrum sp001261915, 95.0, 86.45, 0.76; GCF_000337075.1, s__Halorubrum hochstenium, 95.2282, 85.6, 0.75; GCF_000337375.1, s__Halorubrum lipolyticum, 95.0, 85.35, 0.77; GCF_000337415.1, s__Halorubrum tebenquichense, 95.2282, 85.2, 0.74; GCF_003781945.1, s__Halorubrum sp003781945, 95.0, 85.2, 0.75; GCF_000337355.1, s__Halorubrum kocurii, 95.0, 85.2, 0.77; GCF_002286985.1, s__Halorubrum sp002286985, 95.0, 85.19, 0.75; GCF_000739595.1, s__Halorubrum halophilum, 95.0, 85.17, 0.74; GCF_004114995.1, s__Halorubrum amylolyticum, 95.0, 85.03, 0.73; GCF_000337915.1, s__Halorubrum saccharovorum, 95.0, 85.03, 0.74; GCF_007671685.1, s__Halorubrum salsamenti, 95.0, 84.96, 0.74; GCF_002727125.1, s__Halorubrum persicum, 95.0, 84.81, 0.73; GCF_000337335.1, s__Halorubrum distributum, 95.0, 84.55, 0.75; GCF_900102375.1, s__Halorubrum xinjiangense, 95.0, 84.52, 0.77; GCF_002355655.1, s__Halorubrum trapanicum, 95.0, 84.51, 0.78; GCF_005435165.1, s__Halorubrum sp005435165, 95.0, 84.47, 0.76; GCF_000296615.1, s__Halorubrum sp000296615, 95.0, 84.42, 0.79; GCF_001280455.1, s__Halorubrum tropicale, 95.0, 84.42, 0.76; GCF_003666015.1, s__Halorubrum sp003666015, 95.0, 84.34, 0.79; GCF_000336875.1, s__Halorubrum californiense, 95.0, 84.31, 0.73; GCF_000022205.1, s__Halorubrum lacusprofundi, 95.0, 84.29, 0.74; GCF_003990725.2, s__Halorubrum sp003990725, 95.0, 84.24, 0.76; GCF_000336995.1, s__Halorubrum aidingense, 95.0, 84.22, 0.75; GCF_000337035.1, s__Halorubrum coriense, 95.0, 84.21, 0.75; GCF_900111935.1, s__Halorubrum sodomense, 95.0, 84.19, 0.74; GCF_002114285.1, s__Halorubrum ezzemoulense, 95.0, 83.87, 0.71; GCA_003023405.1, s__Halorubrum sp003023405, 95.0, 83.63, 0.64; GCF_004114375.1, s__Halorubrum sp004114375, 95.0, 83.54, 0.76; GCF_009742825.1, s__Halorubrum sp009742825, 95.0, 82.83, 0.53; GCF_000746205.1, s__Halorubrum sp000746205, 95.0, 82.5, 0.65; GCF_001542905.1, s__Halorubrum aethiopicum, 95.0, 82.27, 0.72; GCF_002252985.1, s__Halorubrum halodurans, 95.0, 82.21, 0.64; GCF_900113615.1, s__Halorubrum aquaticum, 95.0, 82.18, 0.68; GCF_003697845.1, s__Halorubrum sp003697845, 95.0, 81.95, 0.69; GCF_900182635.1, s__Halorubrum cibi, 95.0, 81.84, 0.7; GCF_003287355.1, s__Halorubrum sp003287355, 95.0, 81.72, 0.68; GCF_009806985.1, s__Halorubrum sp009806985, 95.0, 81.07, 0.65; GCA_001564205.1, s__Halorubrum sp001564205, 95.0, 81.06, 0.48; GCA_000496175.1, s__Halorubrum sp000496175, 95.0, 80.37, 0.62; GCA_003554605.1, s__Halorubrum sp003554605, 95.0, 79.05, 0.44; GCF_900188065.1, s__Halorubrum vacuolatum, 95.0, 78.94, 0.5",39.01,11,"0.989430712","Genome not assigned to closest species as it falls outside its pre-defined ANI radius"
"35","201005_12_DNA_mat_2_bin.85","Archaea","Halobacteriota","Halobacteria","Halobacteriales","Haloarculaceae","CBA1134",NA,"N/A","N/A","N/A","N/A","N/A","N/A","N/A","N/A","N/A","N/A","d__Archaea;Halobacteriota;c__Halobacteria;o__Halobacteriales;f__Haloarculaceae;g__;s__","taxonomic novelty determined using RED","N/A","N/A",87.14,11,"0.902575896","N/A"
"36","201005_12_DNA_mat_2_bin.14","Bacteria","Bacteroidota","Bacteroidia","Flavobacteriales","Flavobacteriaceae","Psychroflexus",NA,"N/A","N/A","N/A","N/A","N/A","N/A","N/A","N/A","N/A","N/A","d__Bacteria;Bacteroidota;c__Bacteroidia;o__Flavobacteriales;f__Flavobacteriaceae;g__Psychroflexus;s__","taxonomic classification fully defined by topology","N/A","N/A",86.78,11,"0.951663905","N/A"
"37","201005_12_DNA_mat_2_bin.34","Bacteria","Proteobacteria","Gammaproteobacteria","Nitrococcales","Nitrococcaceae","Spiribacter",NA,"N/A","N/A","N/A","N/A","N/A","GCF_002813635.1","95","d__Bacteria;Proteobacteria;c__Gammaproteobacteria;o__Nitrococcales;f__Nitrococcaceae;g__Spiribacter;s__Spiribacter roseus","85.19","0.9","d__Bacteria;Proteobacteria;c__Gammaproteobacteria;o__Nitrococcales;f__Nitrococcaceae;g__Spiribacter;s__","taxonomic classification defined by topology and ANI","N/A","GCF_004217415.1, s__Spiribacter vilamensis, 95.0, 81.3, 0.73; GCF_000485905.1, s__Spiribacter curvatus, 95.0, 80.71, 0.71; GCF_009676705.1, s__Spiribacter sp009676705, 95.0, 78.74, 0.43; GCF_000319575.2, s__Spiribacter salinus, 95.0, 78.23, 0.38",97.18,11,"0.980497691","Genome not assigned to closest species as it falls outside its pre-defined ANI radius"
"38","201005_12_DNA_mat_2_bin.38","Bacteria","Bacteroidota","Rhodothermia","Balneolales","Balneolaceae","Fodinibius",NA,"N/A","N/A","N/A","N/A","N/A","N/A","N/A","N/A","N/A","N/A","d__Bacteria;Bacteroidota;c__Rhodothermia;o__Balneolales;f__Balneolaceae;g__Fodinibius;s__","ANI","N/A","GCF_011059105.1, s__Fodinibius halophilus, 95.0, 77.58, 0.21; GCF_008124865.1, s__Fodinibius salinus, 95.0, 76.85, 0.19",79.77,11,"0.947230649","N/A"
"39","201005_12_DNA_mat_2_bin.54","Bacteria","Bacteroidota","Rhodothermia","Rhodothermales","Salinibacteraceae","Salinivenus",NA,"N/A","N/A","N/A","N/A","N/A","GCA_003022435.1","95","d__Bacteria;Bacteroidota;c__Rhodothermia;o__Rhodothermales;f__Salinibacteraceae;g__Salinivenus;s__Salinivenus sp003022435","78.85","0.41","d__Bacteria;Bacteroidota;c__Rhodothermia;o__Rhodothermales;f__Salinibacteraceae;g__Salinivenus;s__","taxonomic classification defined by topology and ANI","N/A","GCF_002894685.1, s__Salinivenus lutea, 96.2585, 78.94, 0.38; GCF_002894665.1, s__Salinivenus iranica, 96.2585, 78.77, 0.37; GCF_002954405.1, s__Salinivenus sp002954405, 95.0, 78.27, 0.34; GCA_003023365.1, s__Salinivenus sp003023365, 95.0, 77.87, 0.32",66.43,11,"0.966685727","N/A"
"40","201005_12_DNA_mat_2_bin.6","Bacteria","Bacteroidota","Rhodothermia","Rhodothermales","Salinibacteraceae","Salinibacter",NA,"N/A","N/A","N/A","N/A","N/A","N/A","N/A","N/A","N/A","N/A","d__Bacteria;Bacteroidota;c__Rhodothermia;o__Rhodothermales;f__Salinibacteraceae;g__Salinibacter;s__","taxonomic classification defined by topology and ANI","N/A","GCF_000013045.1, s__Salinibacter ruber, 95.0, 82.01, 0.65; GCF_002894645.1, s__Salinibacter altiplanensis, 95.0, 80.93, 0.59; GCA_003023105.1, s__Salinibacter sp003023105, 95.0, 80.2, 0.51; GCA_003022565.1, s__Salinibacter sp003022565, 95.0, 80.0, 0.42; GCA_003022655.1, s__Salinibacter sp003022655, 95.0, 79.9, 0.5; GCA_003023125.1, s__Salinibacter sp003023125, 95.0, 79.1, 0.5",73.08,11,"0.968203007","Genome not assigned to closest species as it falls outside its pre-defined ANI radius"
"41","201005_12_DNA_mat_2_bin.72","Bacteria","Proteobacteria","Gammaproteobacteria","Pseudomonadales","Halomonadaceae","Halomonas",NA,"N/A","N/A","N/A","N/A","N/A","GCF_006540005.1","95","d__Bacteria;Proteobacteria;c__Gammaproteobacteria;o__Pseudomonadales;f__Halomonadaceae;g__Halomonas;s__Halomonas halmophila","93.32","0.95","d__Bacteria;Proteobacteria;c__Gammaproteobacteria;o__Pseudomonadales;f__Halomonadaceae;g__Halomonas;s__","taxonomic classification defined by topology and ANI","N/A","GCF_000196875.2, s__Halomonas elongata, 95.0, 83.03, 0.81; GCF_001662305.1, s__Halomonas caseinilytica, 95.0, 82.55, 0.8; GCF_008274785.1, s__Halomonas eurihalina, 95.0, 82.5, 0.81; GCF_000265245.1, s__Halomonas smyrnensis, 95.0, 81.84, 0.72; GCF_014192275.1, s__Halomonas stenophila, 95.0, 81.77, 0.74; GCF_007989465.1, s__Halomonas halophila, 95.0, 81.76, 0.74; GCF_002549795.1, s__Halomonas beimenensis, 95.0, 81.66, 0.75; GCF_003966155.1, s__Halomonas nitroreducens, 95.0, 81.56, 0.73; GCF_014192055.1, s__Halomonas organivorans, 95.0, 81.39, 0.74; GCF_009363755.1, s__Halomonas sp009363755, 95.0, 81.27, 0.69; GCF_001886615.1, s__Halomonas aestuarii, 95.0, 81.21, 0.68; GCF_004798905.1, s__Halomonas borealis, 95.0, 81.19, 0.71; GCF_003056305.1, s__Halomonas denitrificans, 95.0, 81.19, 0.71; GCF_004363555.1, s__Halomonas ventosae, 95.0, 81.02, 0.7; GCF_005780185.1, s__Halomonas urmiana, 95.0, 80.94, 0.71; GCF_900116405.1, s__Halomonas saccharevitans, 95.0, 80.93, 0.66; GCF_002879645.1, s__Halomonas heilongjiangensis, 95.0, 80.76, 0.66; GCF_900104135.1, s__Halomonas shengliensis, 95.0, 80.75, 0.66; GCF_003202205.1, s__Halomonas sp003202205, 95.0, 80.73, 0.67; GCF_014193375.1, s__Halomonas campaniensis, 95.0, 80.7, 0.66; GCF_014192215.1, s__Halomonas cerina, 95.0, 80.6, 0.66; GCF_009902005.1, s__Halomonas alimentaria, 95.0, 80.56, 0.62; GCA_004551485.1, s__Halomonas gudaonensis_A, 95.0, 80.56, 0.66; GCF_010994375.1, s__Halomonas sp010994375, 95.0, 80.44, 0.63; GCF_003182195.1, s__Halomonas sp003182195, 95.0, 80.41, 0.61; GCF_014192285.1, s__Halomonas fontilapidosi, 95.0, 80.39, 0.68; GCF_902500215.1, s__Halomonas sp902500215, 95.0, 80.29, 0.64; GCF_004361885.1, s__Halomonas ventosae_C, 95.0, 80.27, 0.58; GCF_900109725.1, s__Halomonas daqiaonensis, 95.0, 80.19, 0.6; GCA_003552795.1, s__Halomonas sp003552795, 95.0, 80.18, 0.48; GCF_003254665.1, s__Halomonas lactosivorans, 95.0, 80.12, 0.64; GCF_000620045.1, s__Halomonas halodenitrificans, 95.0, 80.03, 0.57; GCF_900100195.1, s__Halomonas gudaonensis, 95.0, 79.98, 0.57; GCF_007989625.1, s__Halomonas pacifica, 95.0, 79.98, 0.6; GCF_004347715.1, s__Halomonas sp004347715, 95.0, 79.93, 0.57; GCF_003045775.1, s__Halomonas litopenaei, 95.0, 79.91, 0.61; GCF_000246875.1, s__Halomonas sp000246875, 95.0, 79.89, 0.54; GCA_011742915.1, s__Halomonas desiderata, 95.0, 79.89, 0.6; GCA_003553625.1, s__Halomonas sp003553625, 95.0, 79.86, 0.51; GCF_009834345.1, s__Halomonas sp009834345, 95.0, 79.72, 0.58; GCF_010993975.1, s__Halomonas sp010993975, 95.0, 79.7, 0.58; GCF_013697085.1, s__Halomonas kenyensis, 95.0, 79.66, 0.54; GCF_001545155.1, s__Halomonas chromatireducens, 95.0, 79.59, 0.51; GCA_002433675.1, s__Halomonas salina_B, 95.0, 79.56, 0.49; GCF_003336675.1, s__Halomonas sp003336675, 95.0, 79.53, 0.53; GCF_011742165.1, s__Halomonas sp011742165, 95.0, 79.45, 0.56; GCF_003028575.1, s__Halomonas urumqiensis, 95.0, 79.42, 0.56; GCA_003560175.1, s__Halomonas sp003560175, 95.0, 79.4, 0.39; GCF_002930105.1, s__Halomonas saliphila, 95.0, 79.38, 0.56; GCF_900116705.1, s__Halomonas korlensis, 95.0, 79.36, 0.53; GCF_003339685.1, s__Halomonas sp003339685, 95.0, 79.31, 0.48; GCF_002879615.1, s__Halomonas endophytica, 95.0, 79.18, 0.53; GCF_008297955.1, s__Halomonas sp008297955, 95.0, 79.12, 0.55; GCA_007129225.1, s__Halomonas sp007129225, 95.0, 79.02, 0.38; GCF_900142755.1, s__Halomonas cupida, 95.0, 78.94, 0.47; GCF_001431725.1, s__Halomonas huangheensis, 95.0, 78.35, 0.41; GCA_014651775.1, s__Halomonas hamiltonii, 95.843, 78.29, 0.38; GCF_000686925.1, s__Halomonas sp000686925, 95.0, 78.25, 0.35; GCF_000275725.1, s__Halomonas stevensii, 95.843, 78.17, 0.39; GCF_900111305.1, s__Halomonas subterranea, 95.0, 78.14, 0.29; GCF_900155385.1, s__Halomonas massiliensis, 95.0, 78.13, 0.26; GCF_003002925.1, s__Halomonas songnenensis, 95.0, 78.1, 0.38; GCF_008329985.1, s__Halomonas sp008329985, 95.0, 78.08, 0.39; GCF_009793355.1, s__Halomonas sp009793355, 95.0, 78.05, 0.32; GCF_003336665.1, s__Halomonas sp003336665, 95.0, 78.0, 0.34; GCF_002119345.1, s__Halomonas sp002119345, 95.0, 77.77, 0.27; GCF_900086985.1, s__Halomonas sp900086985, 95.0, 77.76, 0.21; GCF_003990185.1, s__Halomonas nanhaiensis, 95.0, 77.71, 0.1; GCF_003990195.1, s__Halomonas sp003990195, 95.0, 77.56, 0.21; GCF_014263395.1, s__Halomonas sp014263395, 95.0, 77.55, 0.28; GCF_900110265.1, s__Halomonas aquamarina, 95.0, 77.51, 0.24; GCF_013112225.1, s__Halomonas sp013112225, 95.0, 77.49, 0.22; GCF_009846525.1, s__Halomonas sp002696125, 95.0, 77.45, 0.28; GCF_000336575.1, s__Halomonas titanicae, 95.0, 77.43, 0.22; GCF_900103865.1, s__Halomonas arcis, 95.0, 77.34, 0.1; GCF_000377665.1, s__Halomonas zhanjiangensis, 95.0, 77.26, 0.1; GCF_002257525.1, s__Halomonas ventosae_B, 95.0, 77.25, 0.08; GCF_004364445.1, s__Halomonas alkaliantarctica, 95.0, 77.22, 0.21; GCA_004295565.1, s__Halomonas olivaria, 95.0, 77.18, 0.21; GCF_002211105.1, s__Halomonas campaniensis_A, 95.0, 77.11, 0.09; GCF_013415105.1, s__Halomonas salicampi, 95.0, 76.92, 0.12",96.19,11,"0.997841164","Genome not assigned to closest species as it falls outside its pre-defined ANI radius"
"42","201005_12_DNA_mat_2_bin.81","Bacteria","Patescibacteria","Paceibacteria","SW-4-49-11","SW-4-49-11",NA,NA,"N/A","N/A","N/A","N/A","N/A","N/A","N/A","N/A","N/A","N/A","d__Bacteria;Patescibacteria;c__Paceibacteria;o__SW-4-49-11;f__SW-4-49-11;g__;s__","taxonomic novelty determined using RED","N/A","N/A",60.73,11,"0.818170129","N/A"
"43","201005_12_DNA_mat_2_bin.86","Bacteria","Proteobacteria","Gammaproteobacteria","XJ16","Halofilaceae","Halofilum",NA,"N/A","N/A","N/A","N/A","N/A","GCF_001614315.2","95","d__Bacteria;Proteobacteria;c__Gammaproteobacteria;o__XJ16;f__Halofilaceae;g__Halofilum;s__Halofilum ochraceum","78.88","0.37","d__Bacteria;Proteobacteria;c__Gammaproteobacteria;o__XJ16;f__Halofilaceae;g__;s__","taxonomic classification defined by topology and ANI","N/A","N/A",89.54,11,"0.878173587","N/A"
"44","201005_12_DNA_sed_1_bin.74","Archaea","Halobacteriota","Halobacteria","Halobacteriales","Haloarculaceae","QS-5-70-15",NA,"N/A","N/A","N/A","N/A","N/A","GCA_003022005.1","95","d__Archaea;Halobacteriota;c__Halobacteria;o__Halobacteriales;f__Haloarculaceae;g__QS-5-70-15;s__QS-5-70-15 sp003022005","84.77","0.6","d__Archaea;Halobacteriota;c__Halobacteria;o__Halobacteriales;f__Haloarculaceae;g__;s__","taxonomic classification defined by topology and ANI","N/A","N/A",43.46,11,"0.950834143","N/A"
"45","201005_12_DNA_sed_1_bin.28","Bacteria","Desulfobacterota","Desulfovibrionia","Desulfovibrionales","Desulfohalobiaceae",NA,NA,"N/A","N/A","N/A","N/A","N/A","N/A","N/A","N/A","N/A","N/A","d__Bacteria;Desulfobacterota;c__Desulfovibrionia;o__Desulfovibrionales;f__Desulfohalobiaceae;g__;s__","taxonomic novelty determined using RED","N/A","N/A",59,11,"0.810447039","N/A"
"46","201005_12_DNA_sed_1_bin.51","Bacteria","Bacteroidota","Rhodothermia","Rhodothermales","Salinibacteraceae","Salinibacter",NA,"N/A","N/A","N/A","N/A","N/A","N/A","N/A","N/A","N/A","N/A","d__Bacteria;Bacteroidota;c__Rhodothermia;o__Rhodothermales;f__Salinibacteraceae;g__Salinibacter;s__","ANI","N/A","GCA_003023105.1, s__Salinibacter sp003023105, 95.0, 81.54, 0.61; GCA_003022655.1, s__Salinibacter sp003022655, 95.0, 80.74, 0.55; GCA_003022565.1, s__Salinibacter sp003022565, 95.0, 80.74, 0.46; GCF_000013045.1, s__Salinibacter ruber, 95.0, 80.25, 0.51; GCF_002894645.1, s__Salinibacter altiplanensis, 95.0, 79.36, 0.44; GCA_003023125.1, s__Salinibacter sp003023125, 95.0, 79.07, 0.52",70.7,11,"0.968303522","N/A"
"47","201005_12_DNA_sed_2_bin.11","Archaea","Halobacteriota","Halobacteria","Halobacteriales","Haloarculaceae",NA,NA,"N/A","N/A","N/A","N/A","N/A","N/A","N/A","N/A","N/A","N/A","d__Archaea;Halobacteriota;c__Halobacteria;o__Halobacteriales;f__Haloarculaceae;g__;s__","taxonomic classification fully defined by topology","N/A","N/A",80.02,11,"0.922166687","N/A"
"48","201005_12_DNA_sed_2_bin.52","Archaea","Halobacteriota","Halobacteria","Halobacteriales","Haloarculaceae","Halovenus",NA,"N/A","N/A","N/A","N/A","N/A","GCF_004015825.1","95","d__Archaea;Halobacteriota;c__Halobacteria;o__Halobacteriales;f__Haloarculaceae;g__Halovenus;s__Halovenus sp004015825","81.96","0.73","d__Archaea;Halobacteriota;c__Halobacteria;o__Halobacteriales;f__Haloarculaceae;g__Halovenus;s__","taxonomic classification defined by topology and ANI","N/A","GCF_009831575.1, s__Halovenus sp009831575, 95.0, 79.51, 0.5; GCA_003021015.1, s__Halovenus sp003021015, 95.0, 78.49, 0.39; GCA_003022725.1, s__Halovenus sp003022725, 95.0, 78.44, 0.37; GCA_003022845.1, s__Halovenus sp003022845, 95.0, 78.39, 0.3; GCA_003021285.1, s__Halovenus sp003021285, 95.0, 77.68, 0.3; GCA_003022085.1, s__Halovenus sp003022085, 95.0, 77.66, 0.31; GCF_900100385.1, s__Halovenus aranensis, 95.0, 77.65, 0.28; GCA_003021335.1, s__Halovenus sp003021335, 95.0, 77.13, 0.28; GCA_000416085.1, s__Halovenus sp000416085, 95.0, 77.0, 0.23",74.96,11,"0.968323795","Genome not assigned to closest species as it falls outside its pre-defined ANI radius"
"49","201005_12_DNA_sed_2_bin.75","Archaea","Halobacteriota","Halobacteria","Halobacteriales","Haloferacaceae","A07HB70",NA,"N/A","N/A","N/A","N/A","N/A","GCA_000496195.1","95","d__Archaea;Halobacteriota;c__Halobacteria;o__Halobacteriales;f__Haloferacaceae;g__A07HB70;s__A07HB70 sp000496195","83.12","0.67","d__Archaea;Halobacteriota;c__Halobacteria;o__Halobacteriales;f__Haloferacaceae;g__;s__","taxonomic classification defined by topology and ANI","N/A","N/A",88.54,11,"0.947920542","Genome not assigned to closest species as it falls outside its pre-defined ANI radius"
"50","201005_12_DNA_sed_2_bin.5","Bacteria","Deinococcota","Deinococci","Deinococcales","Trueperaceae","SLSQ01",NA,"N/A","N/A","N/A","N/A","N/A","GCA_007130355.1","95","d__Bacteria;Deinococcota;c__Deinococci;o__Deinococcales;f__Trueperaceae;g__SLSQ01;s__SLSQ01 sp007130355","79.4","0.48","d__Bacteria;Deinococcota;c__Deinococci;o__Deinococcales;f__Trueperaceae;g__;s__","taxonomic classification defined by topology and ANI","N/A","N/A",89.3,11,"0.893256211","N/A"
"51","201005_12_DNA_sed_2_bin.6","Bacteria","Desulfobacterota","Desulfovibrionia","Desulfovibrionales","Desulfohalobiaceae",NA,NA,"N/A","N/A","N/A","N/A","N/A","N/A","N/A","N/A","N/A","N/A","d__Bacteria;Desulfobacterota;c__Desulfovibrionia;o__Desulfovibrionales;f__Desulfohalobiaceae;g__;s__","taxonomic novelty determined using RED","N/A","N/A",85.63,11,"0.848194311","N/A"
"52","201005_13_DNA_3_bin.22","Bacteria","Proteobacteria","Gammaproteobacteria","Nitrococcales","Nitrococcaceae","C176",NA,"N/A","N/A","N/A","N/A","N/A","GCF_009649225.1","95","d__Bacteria;Proteobacteria;c__Gammaproteobacteria;o__Nitrococcales;f__Nitrococcaceae;g__C176;s__C176 sp009649225","81.01","0.71","d__Bacteria;Proteobacteria;c__Gammaproteobacteria;o__Nitrococcales;f__Nitrococcaceae;g__;s__","taxonomic classification defined by topology and ANI","N/A","N/A",90.91,11,"0.983237548","Genome not assigned to closest species as it falls outside its pre-defined ANI radius"
"53","201005_4_DNA_sed_1_bin.29","Archaea","Halobacteriota","Halobacteria","Halobacteriales","Haloferacaceae","Halorubrum",NA,"N/A","N/A","N/A","N/A","N/A","GCA_000496175.1","95","d__Archaea;Halobacteriota;c__Halobacteria;o__Halobacteriales;f__Haloferacaceae;g__Halorubrum;s__Halorubrum sp000496175","94.34","0.87","d__Archaea;Halobacteriota;c__Halobacteria;o__Halobacteriales;f__Haloferacaceae;g__Halorubrum;s__","taxonomic classification defined by topology and ANI","N/A","GCF_001542905.1, s__Halorubrum aethiopicum, 95.0, 83.63, 0.76; GCF_900113615.1, s__Halorubrum aquaticum, 95.0, 83.53, 0.76; GCF_900182635.1, s__Halorubrum cibi, 95.0, 83.17, 0.74; GCF_003697845.1, s__Halorubrum sp003697845, 95.0, 83.12, 0.75; GCF_003287355.1, s__Halorubrum sp003287355, 95.0, 83.05, 0.74; GCF_002252985.1, s__Halorubrum halodurans, 95.0, 82.93, 0.72; GCF_001261915.1, s__Halorubrum sp001261915, 95.0, 81.32, 0.66; GCF_007671725.1, s__Halorubrum depositum, 95.0, 81.27, 0.7; GCF_003721435.2, s__Halorubrum sp003721435, 95.0, 81.04, 0.7; GCF_000337375.1, s__Halorubrum lipolyticum, 95.0, 80.95, 0.68; GCF_002252755.1, s__Halorubrum sp002252755, 95.0, 80.95, 0.71; GCF_000337355.1, s__Halorubrum kocurii, 95.0, 80.92, 0.7; GCF_900111935.1, s__Halorubrum sodomense, 95.0, 80.91, 0.71; GCF_003781945.1, s__Halorubrum sp003781945, 95.0, 80.91, 0.68; GCF_000337915.1, s__Halorubrum saccharovorum, 95.0, 80.87, 0.66; GCF_000337335.1, s__Halorubrum distributum, 95.0, 80.87, 0.7; GCF_002286985.1, s__Halorubrum sp002286985, 95.0, 80.85, 0.68; GCF_005435165.1, s__Halorubrum sp005435165, 95.0, 80.83, 0.69; GCF_007671685.1, s__Halorubrum salsamenti, 95.0, 80.76, 0.65; GCF_000739595.1, s__Halorubrum halophilum, 95.0, 80.74, 0.66; GCF_002355655.1, s__Halorubrum trapanicum, 95.0, 80.7, 0.66; GCF_004114995.1, s__Halorubrum amylolyticum, 95.0, 80.67, 0.68; GCF_001280455.1, s__Halorubrum tropicale, 95.0, 80.67, 0.68; GCF_900102375.1, s__Halorubrum xinjiangense, 95.0, 80.65, 0.69; GCF_000336995.1, s__Halorubrum aidingense, 95.0, 80.65, 0.67; GCF_002727125.1, s__Halorubrum persicum, 95.0, 80.61, 0.64; GCF_000296615.1, s__Halorubrum sp000296615, 95.0, 80.59, 0.7; GCF_000337075.1, s__Halorubrum hochstenium, 95.2282, 80.52, 0.68; GCF_000336875.1, s__Halorubrum californiense, 95.0, 80.5, 0.65; GCF_000337415.1, s__Halorubrum tebenquichense, 95.2282, 80.49, 0.67; GCF_000337035.1, s__Halorubrum coriense, 95.0, 80.48, 0.68; GCF_002114285.1, s__Halorubrum ezzemoulense, 95.0, 80.43, 0.67; GCF_003666015.1, s__Halorubrum sp003666015, 95.0, 80.4, 0.71; GCF_000022205.1, s__Halorubrum lacusprofundi, 95.0, 80.37, 0.64; GCF_009742825.1, s__Halorubrum sp009742825, 95.0, 80.34, 0.5; GCF_004114375.1, s__Halorubrum sp004114375, 95.0, 80.21, 0.65; GCF_003990725.2, s__Halorubrum sp003990725, 95.0, 80.13, 0.67; GCF_009806985.1, s__Halorubrum sp009806985, 95.0, 80.08, 0.65; GCA_003023405.1, s__Halorubrum sp003023405, 95.0, 80.07, 0.6; GCF_000746205.1, s__Halorubrum sp000746205, 95.0, 79.87, 0.57; GCA_001564205.1, s__Halorubrum sp001564205, 95.0, 79.16, 0.32; GCF_900188065.1, s__Halorubrum vacuolatum, 95.0, 78.64, 0.5; GCA_003554605.1, s__Halorubrum sp003554605, 95.0, 78.36, 0.45",41.98,11,"0.993310154","Genome not assigned to closest species as it falls outside its pre-defined ANI radius"
"54","201005_4_DNA_sed_1_bin.3","Archaea","Halobacteriota","Halobacteria","Halobacteriales","Haloarculaceae","Halovenus",NA,"N/A","N/A","N/A","N/A","N/A","GCA_000416085.1","95","d__Archaea;Halobacteriota;c__Halobacteria;o__Halobacteriales;f__Haloarculaceae;g__Halovenus;s__Halovenus sp000416085","81.23","0.73","d__Archaea;Halobacteriota;c__Halobacteria;o__Halobacteriales;f__Haloarculaceae;g__Halovenus;s__","taxonomic classification defined by topology and ANI","N/A","GCA_003021015.1, s__Halovenus sp003021015, 95.0, 78.02, 0.39; GCA_003021285.1, s__Halovenus sp003021285, 95.0, 78.01, 0.33; GCA_003022725.1, s__Halovenus sp003022725, 95.0, 77.85, 0.35; GCA_003022845.1, s__Halovenus sp003022845, 95.0, 77.77, 0.3; GCF_009831575.1, s__Halovenus sp009831575, 95.0, 77.62, 0.37; GCA_003022085.1, s__Halovenus sp003022085, 95.0, 77.43, 0.32; GCF_900100385.1, s__Halovenus aranensis, 95.0, 77.31, 0.33; GCA_003021335.1, s__Halovenus sp003021335, 95.0, 77.06, 0.28; GCF_004015825.1, s__Halovenus sp004015825, 95.0, 76.96, 0.28; GCA_003551265.1, s__Halovenus sp003551265, 95.0, 76.67, 0.21",91.24,11,"0.951105473","Genome not assigned to closest species as it falls outside its pre-defined ANI radius"
"55","201005_9_DNA_combo_bin.52","Archaea","Halobacteriota","Halobacteria","Halobacteriales","Haloferacaceae","Haloquadratum",NA,"N/A","N/A","N/A","N/A","N/A","N/A","N/A","N/A","N/A","N/A","d__Archaea;Halobacteriota;c__Halobacteria;o__Halobacteriales;f__Haloferacaceae;g__;s__","taxonomic novelty determined using RED","N/A","N/A",83.08,11,"0.936344152","N/A"
"56","201005_9_DNA_combo_bin.61","Archaea","Thermoplasmatota","Poseidoniia_A","Poseidoniales","Poseidoniaceae","Poseidonia",NA,"N/A","N/A","N/A","N/A","N/A","GCA_002728035.1","95","d__Archaea;Thermoplasmatota;c__Poseidoniia_A;o__Poseidoniales;f__Poseidoniaceae;g__Poseidonia;s__Poseidonia sp002728035","77.65","0.32","d__Archaea;Thermoplasmatota;c__Poseidoniia_A;o__Poseidoniales;f__Poseidoniaceae;g__Poseidonia;s__","taxonomic classification defined by topology and ANI","N/A","GCA_002497765.1, s__Poseidonia sp002497765, 95.0, 78.17, 0.37; GCA_002725275.1, s__Poseidonia sp002725275, 95.0, 78.12, 0.32; GCA_002689105.1, s__Poseidonia sp002689105, 95.0, 78.02, 0.3; GCA_002495645.1, s__Poseidonia sp002495645, 95.0, 77.98, 0.37; GCA_011524855.1, s__Poseidonia sp011524855, 95.0, 77.77, 0.25; GCA_002714305.1, s__Poseidonia sp002714305, 95.0, 77.69, 0.3; GCA_002694525.1, s__Poseidonia sp002694525, 95.0, 77.69, 0.29; GCA_013330155.1, s__Poseidonia sp8339u, 95.0, 77.6, 0.26; GCA_002704515.1, s__Poseidonia sp002704515, 95.0, 77.5, 0.26; GCA_002722695.1, s__Poseidonia sp002722695, 95.0, 77.44, 0.25; GCA_002502295.1, s__Poseidonia sp002502295, 95.0, 77.39, 0.28; GCA_902625885.1, s__Poseidonia sp902625885, 95.0, 77.36, 0.25; GCA_003602475.1, s__Poseidonia sp003602475, 95.0, 77.19, 0.22; GCA_002494645.1, s__Poseidonia sp002494645, 95.0, 76.94, 0.22",65.57,11,"0.944348471","N/A"
"57","201005_9_DNA_combo_bin.103","Bacteria","Proteobacteria","Alphaproteobacteria","Parvibaculales","RS24","UBA8337",NA,"N/A","N/A","N/A","N/A","N/A","N/A","N/A","N/A","N/A","N/A","d__Bacteria;Proteobacteria;c__Alphaproteobacteria;o__Parvibaculales;f__RS24;g__;s__","taxonomic novelty determined using RED","N/A","N/A",96.19,11,"0.931097726","N/A"
"58","201005_9_DNA_combo_bin.30","Bacteria","SAR324","SAR324","SAR324","NAC60-12",NA,NA,"N/A","N/A","N/A","N/A","N/A","N/A","N/A","N/A","N/A","N/A","d__Bacteria;SAR324;c__SAR324;o__SAR324;f__NAC60-12;g__;s__","taxonomic novelty determined using RED","N/A","N/A",92.95,11,"0.778713861","N/A"
"59","201006_14_DNA_2_bin.23","Bacteria","Bacteroidota","Bacteroidia","Flavobacteriales","Schleiferiaceae",NA,NA,"N/A","N/A","N/A","N/A","N/A","N/A","N/A","N/A","N/A","N/A","d__Bacteria;Bacteroidota;c__Bacteroidia;o__Flavobacteriales;f__Schleiferiaceae;g__;s__","taxonomic novelty determined using RED","N/A","N/A",91.48,11,"0.879135351","N/A"
"60","201006_15_DNA_2_bin.11","Archaea","Halobacteriota","Halobacteria","Halobacteriales","Haloarculaceae","QS-5-70-15",NA,"N/A","N/A","N/A","N/A","N/A","GCA_003022005.1","95","d__Archaea;Halobacteriota;c__Halobacteria;o__Halobacteriales;f__Haloarculaceae;g__QS-5-70-15;s__QS-5-70-15 sp003022005","79.24","0.52","d__Archaea;Halobacteriota;c__Halobacteria;o__Halobacteriales;f__Haloarculaceae;g__;s__","taxonomic classification defined by topology and ANI","N/A","N/A",94.24,11,"0.908079434","N/A"
"61","201006_15_DNA_2_bin.2","Archaea","Halobacteriota","Halobacteria","Halobacteriales","Haloarculaceae","Natronomonas",NA,"N/A","N/A","N/A","N/A","N/A","GCA_007121575.1","95","d__Archaea;Halobacteriota;c__Halobacteria;o__Halobacteriales;f__Haloarculaceae;g__Natronomonas;s__Natronomonas sp007121575","78.31","0.35","d__Archaea;Halobacteriota;c__Halobacteria;o__Halobacteriales;f__Haloarculaceae;g__Natronomonas;s__","taxonomic classification defined by topology and ANI","N/A","GCF_000591055.1, s__Natronomonas moolapensis, 95.0, 80.62, 0.63; GCF_013839515.1, s__Natronomonas sp013839515, 95.0, 80.54, 0.61; GCF_005239135.1, s__Natronomonas salsuginis, 95.0, 80.3, 0.61; GCF_013391105.1, s__Natronomonas sp013391105, 95.0, 79.59, 0.58; GCF_009741925.1, s__Natronomonas sp009741925, 95.0, 79.12, 0.54; GCF_013391635.1, s__Natronomonas gomsonensis, 95.0, 78.98, 0.56; GCA_003020965.1, s__Natronomonas sp003020965, 95.0, 78.97, 0.51; GCF_013391085.1, s__Natronomonas sp013391085, 95.0, 78.95, 0.49; GCA_003023535.1, s__Natronomonas sp003023535, 95.0, 78.83, 0.43; GCF_000026045.1, s__Natronomonas pharaonis, 95.0, 78.69, 0.47; GCA_003022945.1, s__Natronomonas sp003022945, 95.0, 78.61, 0.44; GCA_003021005.1, s__Natronomonas sp003021005, 95.0, 78.54, 0.41; GCA_003022905.1, s__Natronomonas sp003022905, 95.0, 78.48, 0.39; GCA_007135435.1, s__Natronomonas sp007135435, 95.0, 78.41, 0.38; GCA_007122455.1, s__Natronomonas sp007122455, 95.0, 78.3, 0.41; GCA_003021325.1, s__Natronomonas sp003021325, 95.0, 78.19, 0.4; GCA_003022815.1, s__Natronomonas sp003022815, 95.0, 78.18, 0.41; GCA_003021745.1, s__Natronomonas sp003021745, 95.0, 78.16, 0.36",75.92,11,"0.95510213","N/A"
"62","201006_15_DNA_2_bin.35","Bacteria","Proteobacteria","Gammaproteobacteria","Nitrococcales","Nitrococcaceae","Spiribacter",NA,"N/A","N/A","N/A","N/A","N/A","N/A","N/A","N/A","N/A","N/A","d__Bacteria;Proteobacteria;c__Gammaproteobacteria;o__Nitrococcales;f__Nitrococcaceae;g__Spiribacter;s__","ANI","N/A","GCF_002813635.1, s__Spiribacter roseus, 95.0, 79.33, 0.57; GCF_009676705.1, s__Spiribacter sp009676705, 95.0, 78.78, 0.44; GCF_000485905.1, s__Spiribacter curvatus, 95.0, 78.49, 0.44; GCF_004217415.1, s__Spiribacter vilamensis, 95.0, 78.43, 0.5; GCF_000319575.2, s__Spiribacter salinus, 95.0, 78.07, 0.41",93.51,11,"0.923593762","N/A"
"63","201006_1_DNA_1_bin.17","Archaea","Halobacteriota","Halobacteria","Halobacteriales","Haloarculaceae","QS-4-70-19","QS-4-70-19 sp007421925","GCF_007421925.1","95","d__Archaea;Halobacteriota;c__Halobacteria;o__Halobacteriales;f__Haloarculaceae;g__QS-4-70-19;s__QS-4-70-19 sp007421925","95.16","0.94","GCF_007421925.1","95","d__Archaea;Halobacteriota;c__Halobacteria;o__Halobacteriales;f__Haloarculaceae;g__QS-4-70-19;s__QS-4-70-19 sp007421925","95.16","0.94","d__Archaea;Halobacteriota;c__Halobacteria;o__Halobacteriales;f__Haloarculaceae;g__QS-4-70-19;s__","taxonomic classification defined by topology and ANI","topological placement and ANI have congruent species assignments","GCA_003020985.1, s__QS-4-70-19 sp003020985, 95.0, 83.83, 0.7",83.59,11,"N/A","N/A"
"64","201006_1_DNA_1_bin.2","Archaea","Halobacteriota","Halobacteria","Halobacteriales","Haloferacaceae","Halorubrum",NA,"N/A","N/A","N/A","N/A","N/A","GCA_000496175.1","95","d__Archaea;Halobacteriota;c__Halobacteria;o__Halobacteriales;f__Haloferacaceae;g__Halorubrum;s__Halorubrum sp000496175","80.57","0.65","d__Archaea;Halobacteriota;c__Halobacteria;o__Halobacteriales;f__Haloferacaceae;g__Halorubrum;s__","taxonomic classification defined by topology and ANI","N/A","GCF_002252985.1, s__Halorubrum halodurans, 95.0, 81.17, 0.68; GCF_001542905.1, s__Halorubrum aethiopicum, 95.0, 81.0, 0.75; GCF_003287355.1, s__Halorubrum sp003287355, 95.0, 80.94, 0.68; GCF_900182635.1, s__Halorubrum cibi, 95.0, 80.86, 0.7; GCF_900113615.1, s__Halorubrum aquaticum, 95.0, 80.82, 0.72; GCF_003697845.1, s__Halorubrum sp003697845, 95.0, 80.74, 0.73; GCF_007671685.1, s__Halorubrum salsamenti, 95.0, 80.18, 0.6; GCF_001280455.1, s__Halorubrum tropicale, 95.0, 80.08, 0.68; GCF_003666015.1, s__Halorubrum sp003666015, 95.0, 79.99, 0.67; GCF_002286985.1, s__Halorubrum sp002286985, 95.0, 79.92, 0.62; GCF_000337915.1, s__Halorubrum saccharovorum, 95.0, 79.9, 0.6; GCF_000337375.1, s__Halorubrum lipolyticum, 95.0, 79.88, 0.64; GCF_003990725.2, s__Halorubrum sp003990725, 95.0, 79.88, 0.63; GCF_000337355.1, s__Halorubrum kocurii, 95.0, 79.87, 0.65; GCF_002114285.1, s__Halorubrum ezzemoulense, 95.0, 79.86, 0.61; GCF_005435165.1, s__Halorubrum sp005435165, 95.0, 79.85, 0.67; GCF_003721435.2, s__Halorubrum sp003721435, 95.0, 79.83, 0.7; GCF_000739595.1, s__Halorubrum halophilum, 95.0, 79.81, 0.62; GCF_009742825.1, s__Halorubrum sp009742825, 95.0, 79.79, 0.54; GCF_000337075.1, s__Halorubrum hochstenium, 95.2282, 79.79, 0.67; GCF_002355655.1, s__Halorubrum trapanicum, 95.0, 79.75, 0.7; GCF_000336995.1, s__Halorubrum aidingense, 95.0, 79.75, 0.62; GCF_003781945.1, s__Halorubrum sp003781945, 95.0, 79.74, 0.65; GCF_000337415.1, s__Halorubrum tebenquichense, 95.2282, 79.71, 0.68; GCF_007671725.1, s__Halorubrum depositum, 95.0, 79.7, 0.68; GCF_900102375.1, s__Halorubrum xinjiangense, 95.0, 79.68, 0.67; GCF_002727125.1, s__Halorubrum persicum, 95.0, 79.66, 0.67; GCF_004114995.1, s__Halorubrum amylolyticum, 95.0, 79.64, 0.64; GCF_000337335.1, s__Halorubrum distributum, 95.0, 79.63, 0.69; GCF_000022205.1, s__Halorubrum lacusprofundi, 95.0, 79.63, 0.54; GCF_001261915.1, s__Halorubrum sp001261915, 95.0, 79.55, 0.66; GCF_000296615.1, s__Halorubrum sp000296615, 95.0, 79.45, 0.7; GCF_900111935.1, s__Halorubrum sodomense, 95.0, 79.45, 0.68; GCF_000337035.1, s__Halorubrum coriense, 95.0, 79.44, 0.65; GCF_002252755.1, s__Halorubrum sp002252755, 95.0, 79.43, 0.66; GCF_000746205.1, s__Halorubrum sp000746205, 95.0, 79.37, 0.57; GCF_000336875.1, s__Halorubrum californiense, 95.0, 79.32, 0.65; GCA_003023405.1, s__Halorubrum sp003023405, 95.0, 79.3, 0.53; GCF_009806985.1, s__Halorubrum sp009806985, 95.0, 79.25, 0.61; GCF_004114375.1, s__Halorubrum sp004114375, 95.0, 79.19, 0.65; GCA_001564205.1, s__Halorubrum sp001564205, 95.0, 78.83, 0.29; GCF_900188065.1, s__Halorubrum vacuolatum, 95.0, 78.39, 0.48; GCA_003554605.1, s__Halorubrum sp003554605, 95.0, 78.25, 0.4",39.93,11,"0.968272873","Genome not assigned to closest species as it falls outside its pre-defined ANI radius"
"65","201006_1_DNA_1_bin.34","Archaea","Halobacteriota","Halobacteria","Halobacteriales","Haloferacaceae","A07HB70",NA,"N/A","N/A","N/A","N/A","N/A","GCA_000496195.1","95","d__Archaea;Halobacteriota;c__Halobacteria;o__Halobacteriales;f__Haloferacaceae;g__A07HB70;s__A07HB70 sp000496195","80.27","0.66","d__Archaea;Halobacteriota;c__Halobacteria;o__Halobacteriales;f__Haloferacaceae;g__;s__","taxonomic classification defined by topology and ANI","N/A","N/A",94.79,11,"0.950065951","Genome not assigned to closest species as it falls outside its pre-defined ANI radius"
"66","201006_1_DNA_1_bin.52","Archaea","Halobacteriota","Halobacteria","Halobacteriales","Haloarculaceae","QS-5-70-15",NA,"N/A","N/A","N/A","N/A","N/A","GCA_003022005.1","95","d__Archaea;Halobacteriota;c__Halobacteria;o__Halobacteriales;f__Haloarculaceae;g__QS-5-70-15;s__QS-5-70-15 sp003022005","77.56","0.33","d__Archaea;Halobacteriota;c__Halobacteria;o__Halobacteriales;f__Haloarculaceae;g__;s__","taxonomic classification defined by topology and ANI","N/A","N/A",52.19,11,"0.905745807","N/A"
"67","201006_1_DNA_1_bin.45","Bacteria","Bacteroidota","Bacteroidia","CAILMK01","JAAYUY01",NA,NA,"N/A","N/A","N/A","N/A","N/A","N/A","N/A","N/A","N/A","N/A","d__Bacteria;Bacteroidota;c__Bacteroidia;o__CAILMK01;f__;g__;s__","taxonomic novelty determined using RED","N/A","N/A",54.4,11,"0.732150569","N/A"
"68","201007_15_DNA_mat_1_bottom_bin.1","Archaea","Nanohaloarchaeota","Nanosalinia","Nanosalinales","Nanosalinaceae",NA,NA,"N/A","N/A","N/A","N/A","N/A","N/A","N/A","N/A","N/A","N/A","d__Archaea;Nanohaloarchaeota;c__Nanosalinia;o__Nanosalinales;f__Nanosalinaceae;g__;s__","taxonomic classification fully defined by topology","N/A","N/A",75.64,11,"0.747719598","N/A"
"69","201007_15_DNA_mat_1_bottom_bin.100","Archaea","Halobacteriota","Halobacteria","Halobacteriales",NA,NA,NA,"N/A","N/A","N/A","N/A","N/A","N/A","N/A","N/A","N/A","N/A","d__Archaea;Halobacteriota;c__Halobacteria;o__Halobacteriales;f__;g__;s__","taxonomic classification fully defined by topology","N/A","N/A",67.37,11,"0.662077381","N/A"
"70","201007_15_DNA_mat_1_bottom_bin.91","Archaea","Halobacteriota","Halobacteria","Halobacteriales",NA,NA,NA,"N/A","N/A","N/A","N/A","N/A","N/A","N/A","N/A","N/A","N/A","d__Archaea;Halobacteriota;c__;o__;f__;g__;s__","taxonomic novelty determined using RED","N/A","N/A",94.32,11,"0.538757088","N/A"
"71","201007_15_DNA_mat_1_bottom_bin.22","Bacteria","Bipolaricaulota","Bipolaricaulia","RBG-16-55-9","RBG-16-55-9",NA,NA,"N/A","N/A","N/A","N/A","N/A","N/A","N/A","N/A","N/A","N/A","d__Bacteria;Bipolaricaulota;c__Bipolaricaulia;o__RBG-16-55-9;f__;g__;s__","taxonomic novelty determined using RED","N/A","N/A",57.59,11,"0.797537581","N/A"
"72","201007_15_DNA_mat_1_bottom_bin.29","Bacteria","Dependentiae","Babeliae","Babeliales","Babeliaceae",NA,NA,"N/A","N/A","N/A","N/A","N/A","N/A","N/A","N/A","N/A","N/A","d__Bacteria;Dependentiae;c__Babeliae;o__Babeliales;f__Babeliaceae;g__;s__","taxonomic novelty determined using RED","N/A","N/A",72.32,11,"0.783026761","N/A"
"73","201007_15_DNA_mat_1_bottom_bin.73","Bacteria","Planctomycetota","Brocadiae","SM23-32","SM23-32",NA,NA,"N/A","N/A","N/A","N/A","N/A","N/A","N/A","N/A","N/A","N/A","d__Bacteria;Planctomycetota;c__Brocadiae;o__SM23-32;f__SM23-32;g__;s__","taxonomic classification fully defined by topology","N/A","N/A",82.85,11,"0.76705444","N/A"
"74","201007_15_DNA_mat_1_bottom_bin.93","Bacteria","Proteobacteria","Gammaproteobacteria","Nitrococcales","Nitrococcaceae","Arhodomonas",NA,"N/A","N/A","N/A","N/A","N/A","GCF_000374645.1","95","d__Bacteria;Proteobacteria;c__Gammaproteobacteria;o__Nitrococcales;f__Nitrococcaceae;g__Arhodomonas;s__Arhodomonas aquaeolei","79.51","0.45","d__Bacteria;Proteobacteria;c__Gammaproteobacteria;o__Nitrococcales;f__Nitrococcaceae;g__;s__","taxonomic classification defined by topology and ANI","N/A","N/A",91.44,11,"0.902513101","N/A"
"75","201007_15_DNA_mat_1_bottom_bin.96","Bacteria","Proteobacteria","Alphaproteobacteria","Rhodobacterales","Rhodobacteraceae","QEYE01",NA,"N/A","N/A","N/A","N/A","N/A","GCF_003122205.1","95","d__Bacteria;Proteobacteria;c__Alphaproteobacteria;o__Rhodobacterales;f__Rhodobacteraceae;g__QEYE01;s__QEYE01 sp003122205","79.11","0.5","d__Bacteria;Proteobacteria;c__Alphaproteobacteria;o__Rhodobacterales;f__Rhodobacteraceae;g__;s__","taxonomic classification defined by topology and ANI","N/A","N/A",65.46,11,"0.889622642","N/A"
"76","201007_15_DNA_mat_1_top_bin.23","Archaea","Halobacteriota","Halobacteria","Halobacteriales","Haloferacaceae","Salinigranum",NA,"N/A","N/A","N/A","N/A","N/A","GCF_009176545.1","95","d__Archaea;Halobacteriota;c__Halobacteria;o__Halobacteriales;f__Haloferacaceae;g__Salinigranum;s__Salinigranum salinum","93.28","0.8","d__Archaea;Halobacteriota;c__Halobacteria;o__Halobacteriales;f__Haloferacaceae;g__Salinigranum;s__","taxonomic classification defined by topology and ANI","N/A","GCF_002906575.1, s__Salinigranum rubrum, 95.0, 81.62, 0.6; GCF_007004735.1, s__Salinigranum halophilum, 95.0, 81.55, 0.56",45.73,11,"0.989832084","Genome not assigned to closest species as it falls outside its pre-defined ANI radius"
"77","201007_15_DNA_mat_1_top_bin.28","Archaea","Halobacteriota","Halobacteria","Halobacteriales","Haloarculaceae","Halomicroarcula",NA,"N/A","N/A","N/A","N/A","N/A","N/A","N/A","N/A","N/A","N/A","d__Archaea;Halobacteriota;c__Halobacteria;o__Halobacteriales;f__Haloarculaceae;g__Halomicroarcula;s__","taxonomic classification defined by topology and ANI","N/A","GCF_010119205.1, s__Halomicroarcula limicola, 95.0, 83.23, 0.73; GCF_004681185.1, s__Halomicroarcula sp004681185, 95.0, 82.73, 0.71; GCA_014647235.1, s__Halomicroarcula pellucida, 95.0, 82.7, 0.71; GCA_003021755.1, s__Halomicroarcula sp003021755, 95.0, 81.19, 0.73; GCA_003020925.1, s__Halomicroarcula sp003020925, 95.0, 80.86, 0.63",87.82,11,"0.970342725","Genome not assigned to closest species as it falls outside its pre-defined ANI radius"
"78","201007_15_DNA_mat_1_top_bin.31","Archaea","Halobacteriota","Halobacteria","Halobacteriales","Haloarculaceae","Halomarina",NA,"N/A","N/A","N/A","N/A","N/A","GCF_009791395.1","95","d__Archaea;Halobacteriota;c__Halobacteria;o__Halobacteriales;f__Haloarculaceae;g__Halomarina;s__Halomarina oriensis","84.4","0.82","d__Archaea;Halobacteriota;c__Halobacteria;o__Halobacteriales;f__Haloarculaceae;g__Halomarina;s__","taxonomic classification defined by topology and ANI","N/A","GCA_003021975.1, s__Halomarina sp003021975, 95.0, 80.05, 0.54",71.6,11,"0.95425326","Genome not assigned to closest species as it falls outside its pre-defined ANI radius"
"79","201007_15_DNA_mat_1_top_bin.45","Archaea","Halobacteriota","Halobacteria","Halobacteriales","SW-7-71-33","SW-7-71-33",NA,"N/A","N/A","N/A","N/A","N/A","GCA_003022865.1","95","d__Archaea;Halobacteriota;c__Halobacteria;o__Halobacteriales;f__SW-7-71-33;g__SW-7-71-33;s__SW-7-71-33 sp003022865","77.92","0.51","d__Archaea;Halobacteriota;c__Halobacteria;o__Halobacteriales;f__SW-7-71-33;g__SW-7-71-33;s__","taxonomic classification defined by topology and ANI","N/A","GCA_003023195.1, s__SW-7-71-33 sp003023195, 95.0, 79.06, 0.43",94.32,11,"0.908044886","N/A"
"80","201007_15_DNA_mat_1_top_bin.57","Archaea","Halobacteriota","Halobacteria","Halobacteriales","Haloferacaceae","Salinigranum",NA,"N/A","N/A","N/A","N/A","N/A","GCF_009176545.1","95","d__Archaea;Halobacteriota;c__Halobacteria;o__Halobacteriales;f__Haloferacaceae;g__Salinigranum;s__Salinigranum salinum","83.73","0.77","d__Archaea;Halobacteriota;c__Halobacteria;o__Halobacteriales;f__Haloferacaceae;g__Salinigranum;s__","taxonomic classification defined by topology and ANI","N/A","GCF_002906575.1, s__Salinigranum rubrum, 95.0, 83.14, 0.73; GCF_007004735.1, s__Salinigranum halophilum, 95.0, 82.99, 0.75",63.88,11,"0.965287294","Genome not assigned to closest species as it falls outside its pre-defined ANI radius"
"81","201007_15_DNA_mat_1_top_bin.26","Bacteria","Bacteroidota","Rhodothermia","Rhodothermales","Salinibacteraceae","Salinivenus",NA,"N/A","N/A","N/A","N/A","N/A","GCF_002954405.1","95","d__Bacteria;Bacteroidota;c__Rhodothermia;o__Rhodothermales;f__Salinibacteraceae;g__Salinivenus;s__Salinivenus sp002954405","80.75","0.48","d__Bacteria;Bacteroidota;c__Rhodothermia;o__Rhodothermales;f__Salinibacteraceae;g__Salinivenus;s__","taxonomic classification defined by topology and ANI","N/A","GCA_003022435.1, s__Salinivenus sp003022435, 95.0, 78.4, 0.36; GCF_002894685.1, s__Salinivenus lutea, 96.2585, 78.12, 0.33; GCF_002894665.1, s__Salinivenus iranica, 96.2585, 77.99, 0.31; GCA_003023365.1, s__Salinivenus sp003023365, 95.0, 77.34, 0.28",76.43,11,"0.978474809","N/A"
"82","201007_15_DNA_mat_1_top_bin.34","Bacteria","Proteobacteria","Gammaproteobacteria","XJ16","Halofilaceae","Halofilum",NA,"N/A","N/A","N/A","N/A","N/A","GCF_001614315.2","95","d__Bacteria;Proteobacteria;c__Gammaproteobacteria;o__XJ16;f__Halofilaceae;g__Halofilum;s__Halofilum ochraceum","79.68","0.53","d__Bacteria;Proteobacteria;c__Gammaproteobacteria;o__XJ16;f__Halofilaceae;g__;s__","taxonomic classification defined by topology and ANI","N/A","N/A",65.93,11,"0.925043431","N/A"
"83","201007_15_DNA_mat_1_top_bin.61","Bacteria","Proteobacteria","Alphaproteobacteria","Sphingomonadales","Rhodothalassiaceae",NA,NA,"N/A","N/A","N/A","N/A","N/A","N/A","N/A","N/A","N/A","N/A","d__Bacteria;Proteobacteria;c__Alphaproteobacteria;o__Sphingomonadales;f__Rhodothalassiaceae;g__;s__","taxonomic novelty determined using RED","N/A","N/A",97.34,11,"0.856496069","N/A"
"84","201007_15_DNA_mat_2_bottom_bin.4","Archaea","Halobacteriota","Halobacteria","Halobacteriales","Haloarculaceae",NA,NA,"N/A","N/A","N/A","N/A","N/A","N/A","N/A","N/A","N/A","N/A","d__Archaea;Halobacteriota;c__Halobacteria;o__Halobacteriales;f__Haloarculaceae;g__;s__","taxonomic classification fully defined by topology","N/A","N/A",70.82,11,"0.894444945","N/A"
"85","201007_15_DNA_mat_2_bottom_bin.40","Archaea","Halobacteriota","Halobacteria","Halobacteriales",NA,NA,NA,"N/A","N/A","N/A","N/A","N/A","N/A","N/A","N/A","N/A","N/A","d__Archaea;Halobacteriota;c__Halobacteria;o__Halobacteriales;f__;g__;s__","taxonomic classification fully defined by topology","N/A","N/A",63.11,11,"0.672300852","N/A"
"86","201007_15_DNA_mat_2_bottom_bin.80","Archaea","Halobacteriota","Halobacteria","Halobacteriales","Haloarculaceae","SW-9-67-25",NA,"N/A","N/A","N/A","N/A","N/A","GCA_003022745.1","95","d__Archaea;Halobacteriota;c__Halobacteria;o__Halobacteriales;f__Haloarculaceae;g__SW-9-67-25;s__SW-9-67-25 sp003022745","86.47","0.81","d__Archaea;Halobacteriota;c__Halobacteria;o__Halobacteriales;f__Haloarculaceae;g__;s__","taxonomic classification defined by topology and ANI","N/A","N/A",82.47,11,"0.959927035","Genome not assigned to closest species as it falls outside its pre-defined ANI radius"
"87","201007_15_DNA_mat_2_bottom_bin.43","Bacteria","Cyanobacteria","Cyanobacteriia","Cyanobacteriales","Rubidibacteraceae","Halothece",NA,"N/A","N/A","N/A","N/A","N/A","GCA_003021905.1","95","d__Bacteria;Cyanobacteria;c__Cyanobacteriia;o__Cyanobacteriales;f__Rubidibacteraceae;g__Halothece;s__Halothece sp003021905","88.98","0.89","d__Bacteria;Cyanobacteria;c__Cyanobacteriia;o__Cyanobacteriales;f__Rubidibacteraceae;g__Halothece;s__","taxonomic classification defined by topology and ANI","N/A","GCA_009909085.1, s__Halothece sp009909085, 95.0, 78.14, 0.43; GCF_000317635.1, s__Halothece sp000317635, 95.0, 78.06, 0.4; GCF_007904085.1, s__Halothece natronophila, 95.0, 77.54, 0.32; GCF_000317615.1, s__Halothece salina, 95.0, 77.52, 0.34",92.91,11,"0.984315825","Genome not assigned to closest species as it falls outside its pre-defined ANI radius"
"88","201007_15_DNA_mat_2_bottom_bin.54","Bacteria","Planctomycetota","Planctomycetes","Pirellulales","UBA11386",NA,NA,"N/A","N/A","N/A","N/A","N/A","N/A","N/A","N/A","N/A","N/A","d__Bacteria;Planctomycetota;c__Planctomycetes;o__Pirellulales;f__UBA11386;g__;s__","taxonomic novelty determined using RED","N/A","N/A",75.44,11,"0.807804188","N/A"
"89","201007_15_DNA_mat_2_bottom_bin.64","Bacteria","Bacteroidota","Rhodothermia","Rhodothermales","Salinibacteraceae","JAAAPH01",NA,"N/A","N/A","N/A","N/A","N/A","GCA_009908415.1","95","d__Bacteria;Bacteroidota;c__Rhodothermia;o__Rhodothermales;f__Salinibacteraceae;g__JAAAPH01;s__JAAAPH01 sp009908415","78.75","0.28","d__Bacteria;Bacteroidota;c__Rhodothermia;o__Rhodothermales;f__Salinibacteraceae;g__;s__","taxonomic classification defined by topology and ANI","N/A","N/A",80.74,11,"0.87517765","N/A"
"90","201007_15_DNA_mat_2_top_bin.50","Archaea","Halobacteriota","Halobacteria","Halobacteriales",NA,NA,NA,"N/A","N/A","N/A","N/A","N/A","N/A","N/A","N/A","N/A","N/A","d__Archaea;Halobacteriota;c__;o__;f__;g__;s__","taxonomic novelty determined using RED","N/A","N/A",63.84,11,"0.544028609","N/A"
"91","201007_15_DNA_mat_2_top_bin.53","Archaea","Halobacteriota","Halobacteria","Halobacteriales","Haloarculaceae","CBA1134",NA,"N/A","N/A","N/A","N/A","N/A","GCF_009184545.1","95","d__Archaea;Halobacteriota;c__Halobacteria;o__Halobacteriales;f__Haloarculaceae;g__CBA1134;s__CBA1134 sp009184545","91.16","0.91","d__Archaea;Halobacteriota;c__Halobacteria;o__Halobacteriales;f__Haloarculaceae;g__CBA1134;s__","taxonomic classification defined by topology and ANI","N/A","GCF_001950595.1, s__CBA1134 sp001950595, 95.0, 92.55, 0.94; GCA_003021785.1, s__CBA1134 sp003021785, 95.0, 83.93, 0.77; GCA_003021175.1, s__CBA1134 sp003021175, 95.0, 79.97, 0.61; GCA_003023185.1, s__CBA1134 sp003023185, 95.0, 79.72, 0.49",87.67,11,"0.989688575","Genome not assigned to closest species as it falls outside its pre-defined ANI radius"
